domain,org_type,org_name,source,source_ref,is_active,notes
ale.se,kommun,Ale kommun,skr_kommunlista,http://www.ale.se/,true,
alingsas.se,kommun,Alingsås kommun,skr_kommunlista,http://www.alingsas.se/,true,
alvesta.se,kommun,Alvesta kommun,skr_kommunlista,http://www.alvesta.se/,true,
aneby.se,kommun,Aneby kommun,skr_kommunlista,http://www.aneby.se/,true,
arboga.se,kommun,Arboga kommun,skr_kommunlista,http://www.arboga.se/,true,
arjeplog.se,kommun,Arjeplog kommun,skr_kommunlista,http://www.arjeplog.se/,true,
arvidsjaur.se,kommun,Arvidsjaur kommun,skr_kommunlista,http://www.arvidsjaur.se/,true,
arvika.se,kommun,Arvika kommun,skr_kommunlista,http://www.arvika.se/,true,
askersund.se,kommun,Askersund kommun,skr_kommunlista,http://www.askersund.se/,true,
avesta.se,kommun,Avesta kommun,skr_kommunlista,http://www.avesta.se/,true,
bengtsfors.se,kommun,Bengtsfors kommun,skr_kommunlista,http://www.bengtsfors.se/,true,
berg.se,kommun,Berg kommun,skr_kommunlista,http://www.berg.se/,true,
bjurholm.se,kommun,Bjurholm kommun,skr_kommunlista,http://www.bjurholm.se/,true,
bjuv.se,kommun,Bjuv kommun,skr_kommunlista,http://www.bjuv.se/,true,
boden.se,kommun,Boden kommun,skr_kommunlista,http://www.boden.se/,true,
bollebygd.se,kommun,Bollebygd kommun,skr_kommunlista,http://www.bollebygd.se/,true,
bollnas.se,kommun,Bollnäs kommun,skr_kommunlista,http://www.bollnas.se/,true,
borgholm.se,kommun,Borgholm kommun,skr_kommunlista,http://www.borgholm.se/,true,
borlange.se,kommun,Borlänge kommun,skr_kommunlista,http://www.borlange.se/,true,
boras.se,kommun,Borås kommun,skr_kommunlista,http://www.boras.se/,true,
botkyrka.se,kommun,Botkyrka kommun,skr_kommunlista,http://www.botkyrka.se/,true,
boxholm.se,kommun,Boxholm kommun,skr_kommunlista,http://www.boxholm.se/,true,
bromolla.se,kommun,Bromölla kommun,skr_kommunlista,http://www.bromolla.se/,true,
bracke.se,kommun,Bräcke kommun,skr_kommunlista,http://www.bracke.se/,true,
burlov.se,kommun,Burlöv kommun,skr_kommunlista,http://www.burlov.se/,true,
bastad.se,kommun,Båstad kommun,skr_kommunlista,http://www.bastad.se/,true,
dalsed.se,kommun,Dals-Ed kommun,skr_kommunlista,http://www.dalsed.se/,true,
danderyd.se,kommun,Danderyd kommun,skr_kommunlista,https://www.danderyd.se/,true,
degerfors.se,kommun,Degerfors kommun,skr_kommunlista,http://www.degerfors.se/,true,
dorotea.se,kommun,Dorotea kommun,skr_kommunlista,http://www.dorotea.se/,true,
eda.se,kommun,Eda kommun,skr_kommunlista,http://www.eda.se/,true,
ekero.se,kommun,Ekerö kommun,skr_kommunlista,http://www.ekero.se/,true,
eksjo.se,kommun,Eksjö kommun,skr_kommunlista,http://www.eksjo.se/,true,
emmaboda.se,kommun,Emmaboda kommun,skr_kommunlista,http://www.emmaboda.se/,true,
enkoping.se,kommun,Enköping kommun,skr_kommunlista,http://www.enkoping.se/,true,
eskilstuna.se,kommun,Eskilstuna kommun,skr_kommunlista,http://www.eskilstuna.se/,true,
eslov.se,kommun,Eslöv kommun,skr_kommunlista,http://www.eslov.se/,true,
essunga.se,kommun,Essunga kommun,skr_kommunlista,http://www.essunga.se/,true,
fagersta.se,kommun,Fagersta kommun,skr_kommunlista,http://www.fagersta.se/,true,
falkenberg.se,kommun,Falkenberg kommun,skr_kommunlista,https://kommun.falkenberg.se/,true,original_url=https://kommun.falkenberg.se/
falkoping.se,kommun,Falköping kommun,skr_kommunlista,http://www.falkoping.se/,true,
falun.se,kommun,Falun kommun,skr_kommunlista,http://www.falun.se/,true,
filipstad.se,kommun,Filipstad kommun,skr_kommunlista,http://www.filipstad.se/,true,
finspang.se,kommun,Finspång kommun,skr_kommunlista,http://www.finspang.se/,true,
flen.se,kommun,Flen kommun,skr_kommunlista,http://www.flen.se/,true,
forshaga.se,kommun,Forshaga kommun,skr_kommunlista,http://www.forshaga.se/,true,
fargelanda.se,kommun,Färgelanda kommun,skr_kommunlista,http://www.fargelanda.se/,true,
gagnef.se,kommun,Gagnef kommun,skr_kommunlista,http://www.gagnef.se/,true,
gislaved.se,kommun,Gislaved kommun,skr_kommunlista,http://www.gislaved.se/,true,
gnesta.se,kommun,Gnesta kommun,skr_kommunlista,http://www.gnesta.se/,true,
gnosjo.se,kommun,Gnosjö kommun,skr_kommunlista,https://www.gnosjo.se/,true,
gotland.se,kommun,Gotland kommun,skr_kommunlista,http://www.gotland.se/,true,
grums.se,kommun,Grums kommun,skr_kommunlista,http://www.grums.se/,true,
grastorp.se,kommun,Grästorp kommun,skr_kommunlista,http://www.grastorp.se/,true,
gullspang.se,kommun,Gullspång kommun,skr_kommunlista,http://www.gullspang.se/,true,
gallivare.se,kommun,Gällivare kommun,skr_kommunlista,https://gallivare.se/,true,
gavle.se,kommun,Gävle kommun,skr_kommunlista,https://www.gavle.se/,true,
goteborg.se,kommun,Göteborg kommun,skr_kommunlista,http://www.goteborg.se/,true,
gotene.se,kommun,Götene kommun,skr_kommunlista,https://www.gotene.se/,true,
habokommun.se,kommun,Habo kommun,skr_kommunlista,http://www.habokommun.se/,true,
hagfors.se,kommun,Hagfors kommun,skr_kommunlista,http://www.hagfors.se/,true,
hallsberg.se,kommun,Hallsberg kommun,skr_kommunlista,http://www.hallsberg.se/,true,
hallstahammar.se,kommun,Hallstahammar kommun,skr_kommunlista,http://www.hallstahammar.se/,true,
halmstad.se,kommun,Halmstad kommun,skr_kommunlista,http://www.halmstad.se/,true,
hammaro.se,kommun,Hammarö kommun,skr_kommunlista,http://www.hammaro.se/,true,
haninge.se,kommun,Haninge kommun,skr_kommunlista,http://www.haninge.se/,true,
haparanda.se,kommun,Haparanda kommun,skr_kommunlista,http://www.haparanda.se/,true,
heby.se,kommun,Heby kommun,skr_kommunlista,http://www.heby.se/,true,
hedemora.se,kommun,Hedemora kommun,skr_kommunlista,http://www.hedemora.se/,true,
helsingborg.se,kommun,Helsingborg kommun,skr_kommunlista,http://www.helsingborg.se/,true,
herrljunga.se,kommun,Herrljunga kommun,skr_kommunlista,https://www.herrljunga.se/,true,
hjo.se,kommun,Hjo kommun,skr_kommunlista,http://www.hjo.se/,true,
hofors.se,kommun,Hofors kommun,skr_kommunlista,http://www.hofors.se/,true,
huddinge.se,kommun,Huddinge kommun,skr_kommunlista,http://www.huddinge.se/,true,
hudiksvall.se,kommun,Hudiksvall kommun,skr_kommunlista,http://www.hudiksvall.se/,true,
hultsfred.se,kommun,Hultsfred kommun,skr_kommunlista,http://www.hultsfred.se/,true,
hylte.se,kommun,Hylte kommun,skr_kommunlista,http://www.hylte.se/,true,
hellefors.se,kommun,Hällefors kommun,skr_kommunlista,http://www.hellefors.se/,true,
herjedalen.se,kommun,Härjedalen kommun,skr_kommunlista,http://www.herjedalen.se/,true,
harnosand.se,kommun,Härnösand kommun,skr_kommunlista,https://www.harnosand.se/,true,
harryda.se,kommun,Härryda kommun,skr_kommunlista,http://www.harryda.se/,true,
hassleholm.se,kommun,Hässleholm kommun,skr_kommunlista,http://www.hassleholm.se/,true,
habo.se,kommun,Håbo kommun,skr_kommunlista,http://www.habo.se/,true,
hoganas.se,kommun,Höganäs kommun,skr_kommunlista,http://www.hoganas.se/,true,
hogsby.se,kommun,Högsby kommun,skr_kommunlista,http://www.hogsby.se/,true,
horby.se,kommun,Hörby kommun,skr_kommunlista,http://www.horby.se/,true,
hoor.se,kommun,Höör kommun,skr_kommunlista,http://www.hoor.se/,true,
jokkmokk.se,kommun,Jokkmokk kommun,skr_kommunlista,http://www.jokkmokk.se/,true,
jarfalla.se,kommun,Järfälla kommun,skr_kommunlista,http://www.jarfalla.se/,true,
jonkoping.se,kommun,Jönköping kommun,skr_kommunlista,http://www.jonkoping.se/,true,
kalix.se,kommun,Kalix kommun,skr_kommunlista,http://www.kalix.se/,true,
kalmar.se,kommun,Kalmar kommun,skr_kommunlista,http://www.kalmar.se/,true,
karlsborg.se,kommun,Karlsborg kommun,skr_kommunlista,http://www.karlsborg.se/,true,
karlshamn.se,kommun,Karlshamn kommun,skr_kommunlista,http://www.karlshamn.se/,true,
karlskoga.se,kommun,Karlskoga kommun,skr_kommunlista,https://www.karlskoga.se/,true,
karlskrona.se,kommun,Karlskrona kommun,skr_kommunlista,http://www.karlskrona.se/,true,
karlstad.se,kommun,Karlstad kommun,skr_kommunlista,http://www.karlstad.se/,true,
katrineholm.se,kommun,Katrineholm kommun,skr_kommunlista,http://www.katrineholm.se/,true,
kil.se,kommun,Kil kommun,skr_kommunlista,http://www.kil.se/,true,
kinda.se,kommun,Kinda kommun,skr_kommunlista,http://www.kinda.se/,true,
kiruna.se,kommun,Kiruna kommun,skr_kommunlista,http://kiruna.se/,true,
klippan.se,kommun,Klippan kommun,skr_kommunlista,http://www.klippan.se/,true,
knivsta.se,kommun,Knivsta kommun,skr_kommunlista,http://www.knivsta.se/,true,
kramfors.se,kommun,Kramfors kommun,skr_kommunlista,http://www.kramfors.se/,true,
kristianstad.se,kommun,Kristianstad kommun,skr_kommunlista,https://www.kristianstad.se/,true,
kristinehamn.se,kommun,Kristinehamn kommun,skr_kommunlista,http://www.kristinehamn.se/,true,
krokom.se,kommun,Krokom kommun,skr_kommunlista,http://www.krokom.se/,true,
kumla.se,kommun,Kumla kommun,skr_kommunlista,http://www.kumla.se/,true,
kungsbacka.se,kommun,Kungsbacka kommun,skr_kommunlista,http://www.kungsbacka.se/,true,
kungsor.se,kommun,Kungsör kommun,skr_kommunlista,http://www.kungsor.se/,true,
kungalv.se,kommun,Kungälv kommun,skr_kommunlista,http://www.kungalv.se/,true,
kavlinge.se,kommun,Kävlinge kommun,skr_kommunlista,http://www.kavlinge.se/,true,
koping.se,kommun,Köping kommun,skr_kommunlista,http://www.koping.se/,true,
laholm.se,kommun,Laholm kommun,skr_kommunlista,http://www.laholm.se/,true,
landskrona.se,kommun,Landskrona kommun,skr_kommunlista,http://www.landskrona.se/,true,
laxa.se,kommun,Laxå kommun,skr_kommunlista,http://www.laxa.se/,true,
lekeberg.se,kommun,Lekeberg kommun,skr_kommunlista,http://www.lekeberg.se/,true,
leksand.se,kommun,Leksand kommun,skr_kommunlista,http://www.leksand.se/,true,
lerum.se,kommun,Lerum kommun,skr_kommunlista,http://www.lerum.se/,true,
lessebo.se,kommun,Lessebo kommun,skr_kommunlista,http://www.lessebo.se/,true,
lidingo.se,kommun,Lidingö kommun,skr_kommunlista,http://www.lidingo.se/,true,
lidkoping.se,kommun,Lidköping kommun,skr_kommunlista,http://www.lidkoping.se/,true,
lillaedet.se,kommun,Lilla Edet kommun,skr_kommunlista,http://www.lillaedet.se/,true,
lindesberg.se,kommun,Lindesberg kommun,skr_kommunlista,http://www.lindesberg.se/,true,
linkoping.se,kommun,Linköping kommun,skr_kommunlista,http://www.linkoping.se/,true,
ljungby.se,kommun,Ljungby kommun,skr_kommunlista,http://www.ljungby.se/,true,
ljusdal.se,kommun,Ljusdal kommun,skr_kommunlista,https://www.ljusdal.se/,true,
ljusnarsberg.se,kommun,Ljusnarsberg kommun,skr_kommunlista,http://www.ljusnarsberg.se/,true,
lomma.se,kommun,Lomma kommun,skr_kommunlista,http://www.lomma.se/,true,
ludvika.se,kommun,Ludvika kommun,skr_kommunlista,http://www.ludvika.se/,true,
lulea.se,kommun,Luleå kommun,skr_kommunlista,http://www.lulea.se/,true,
lund.se,kommun,Lund kommun,skr_kommunlista,http://www.lund.se/,true,
lycksele.se,kommun,Lycksele kommun,skr_kommunlista,http://www.lycksele.se/,true,
lysekil.se,kommun,Lysekil kommun,skr_kommunlista,http://www.lysekil.se/,true,
malmo.se,kommun,Malmö kommun,skr_kommunlista,http://www.malmo.se/,true,
malung-salen.se,kommun,Malung-Sälen kommun,skr_kommunlista,https://malung-salen.se/,true,
mala.se,kommun,Malå kommun,skr_kommunlista,http://www.mala.se/,true,
mariestad.se,kommun,Mariestad kommun,skr_kommunlista,http://www.mariestad.se/,true,
mark.se,kommun,Mark kommun,skr_kommunlista,http://www.mark.se/,true,
markaryd.se,kommun,Markaryd kommun,skr_kommunlista,http://www.markaryd.se/,true,
mellerud.se,kommun,Mellerud kommun,skr_kommunlista,http://www.mellerud.se/,true,
mjolby.se,kommun,Mjölby kommun,skr_kommunlista,https://www.mjolby.se/,true,
morakommun.se,kommun,Mora kommun,skr_kommunlista,https://morakommun.se/,true,
motala.se,kommun,Motala kommun,skr_kommunlista,http://www.motala.se/,true,
mullsjo.se,kommun,Mullsjö kommun,skr_kommunlista,http://www.mullsjo.se/,true,
munkedal.se,kommun,Munkedal kommun,skr_kommunlista,http://www.munkedal.se/,true,
munkfors.se,kommun,Munkfors kommun,skr_kommunlista,http://www.munkfors.se/,true,
molndal.se,kommun,Mölndal kommun,skr_kommunlista,http://www.molndal.se/,true,
monsteras.se,kommun,Mönsterås kommun,skr_kommunlista,http://www.monsteras.se/,true,
morbylanga.se,kommun,Mörbylånga kommun,skr_kommunlista,http://www.morbylanga.se/,true,
nacka.se,kommun,Nacka kommun,skr_kommunlista,http://www.nacka.se/,true,
nora.se,kommun,Nora kommun,skr_kommunlista,http://www.nora.se/,true,
norberg.se,kommun,Norberg kommun,skr_kommunlista,http://www.norberg.se/,true,
nordanstig.se,kommun,Nordanstig kommun,skr_kommunlista,http://www.nordanstig.se/,true,
nordmaling.se,kommun,Nordmaling kommun,skr_kommunlista,https://www.nordmaling.se/,true,
norrkoping.se,kommun,Norrköping kommun,skr_kommunlista,http://www.norrkoping.se/,true,
norrtalje.se,kommun,Norrtälje kommun,skr_kommunlista,https://www.norrtalje.se/,true,
norsjo.se,kommun,Norsjö kommun,skr_kommunlista,http://www.norsjo.se/,true,
nybro.se,kommun,Nybro kommun,skr_kommunlista,http://www.nybro.se/,true,
nykvarn.se,kommun,Nykvarn kommun,skr_kommunlista,http://www.nykvarn.se/,true,
nykoping.se,kommun,Nyköping kommun,skr_kommunlista,https://www.nykoping.se/,true,
nynashamn.se,kommun,Nynäshamn kommun,skr_kommunlista,http://www.nynashamn.se/,true,
nassjo.se,kommun,Nässjö kommun,skr_kommunlista,http://www.nassjo.se/,true,
ockelbo.se,kommun,Ockelbo kommun,skr_kommunlista,https://www.ockelbo.se/,true,
olofstrom.se,kommun,Olofström kommun,skr_kommunlista,http://www.olofstrom.se/,true,
orsa.se,kommun,Orsa kommun,skr_kommunlista,http://www.orsa.se/,true,
orust.se,kommun,Orust kommun,skr_kommunlista,http://www.orust.se/,true,
osby.se,kommun,Osby kommun,skr_kommunlista,http://www.osby.se/,true,
oskarshamn.se,kommun,Oskarshamn kommun,skr_kommunlista,https://www.oskarshamn.se/,true,
ovanaker.se,kommun,Ovanåker kommun,skr_kommunlista,http://www.ovanaker.se/,true,
oxelosund.se,kommun,Oxelösund kommun,skr_kommunlista,http://www.oxelosund.se/,true,
pajala.se,kommun,Pajala kommun,skr_kommunlista,http://www.pajala.se/,true,
partille.se,kommun,Partille kommun,skr_kommunlista,http://www.partille.se/,true,
perstorp.se,kommun,Perstorp kommun,skr_kommunlista,http://www.perstorp.se/,true,
pitea.se,kommun,Piteå kommun,skr_kommunlista,http://www.pitea.se/,true,
ragunda.se,kommun,Ragunda kommun,skr_kommunlista,http://www.ragunda.se/,true,
robertsfors.se,kommun,Robertsfors kommun,skr_kommunlista,http://www.robertsfors.se/,true,
ronneby.se,kommun,Ronneby kommun,skr_kommunlista,http://www.ronneby.se/,true,
rattvik.se,kommun,Rättvik kommun,skr_kommunlista,http://www.rattvik.se/,true,
sala.se,kommun,Sala kommun,skr_kommunlista,http://www.sala.se/,true,
salem.se,kommun,Salem kommun,skr_kommunlista,http://www.salem.se/,true,
sandviken.se,kommun,Sandviken kommun,skr_kommunlista,http://www.sandviken.se/,true,
sigtuna.se,kommun,Sigtuna kommun,skr_kommunlista,http://www.sigtuna.se/,true,
simrishamn.se,kommun,Simrishamn kommun,skr_kommunlista,http://www.simrishamn.se/,true,
sjobo.se,kommun,Sjöbo kommun,skr_kommunlista,http://www.sjobo.se/,true,
skara.se,kommun,Skara kommun,skr_kommunlista,http://www.skara.se/,true,
skelleftea.se,kommun,Skellefteå kommun,skr_kommunlista,http://www.skelleftea.se/,true,
skinnskatteberg.se,kommun,Skinnskatteberg kommun,skr_kommunlista,http://www.skinnskatteberg.se/,true,
skurup.se,kommun,Skurup kommun,skr_kommunlista,http://www.skurup.se/,true,
skovde.se,kommun,Skövde kommun,skr_kommunlista,http://www.skovde.se/,true,
smedjebacken.se,kommun,Smedjebacken kommun,skr_kommunlista,http://www.smedjebacken.se/,true,
solleftea.se,kommun,Sollefteå kommun,skr_kommunlista,https://www.solleftea.se/,true,
sollentuna.se,kommun,Sollentuna kommun,skr_kommunlista,http://www.sollentuna.se/,true,
solna.se,kommun,Solna kommun,skr_kommunlista,http://www.solna.se/,true,
sorsele.se,kommun,Sorsele kommun,skr_kommunlista,http://www.sorsele.se/,true,
sotenas.se,kommun,Sotenäs kommun,skr_kommunlista,http://www.sotenas.se/,true,
staffanstorp.se,kommun,Staffanstorp kommun,skr_kommunlista,http://www.staffanstorp.se/,true,
stenungsund.se,kommun,Stenungsund kommun,skr_kommunlista,http://www.stenungsund.se/,true,
stockholm.se,kommun,Stockholm kommun,skr_kommunlista,http://www.stockholm.se/,true,
storfors.se,kommun,Storfors kommun,skr_kommunlista,http://www.storfors.se/,true,
storuman.se,kommun,Storuman kommun,skr_kommunlista,http://www.storuman.se/,true,
strangnas.se,kommun,Strängnäs kommun,skr_kommunlista,http://www.strangnas.se/,true,
stromstad.se,kommun,Strömstad kommun,skr_kommunlista,http://www.stromstad.se/,true,
stromsund.se,kommun,Strömsund kommun,skr_kommunlista,http://www.stromsund.se/,true,
sundbyberg.se,kommun,Sundbyberg kommun,skr_kommunlista,http://www.sundbyberg.se/,true,
sundsvall.se,kommun,Sundsvall kommun,skr_kommunlista,https://sundsvall.se/,true,
sunne.se,kommun,Sunne kommun,skr_kommunlista,http://www.sunne.se/,true,
surahammar.se,kommun,Surahammar kommun,skr_kommunlista,http://www.surahammar.se/,true,
svalov.se,kommun,Svalöv kommun,skr_kommunlista,http://www.svalov.se/,true,
svedala.se,kommun,Svedala kommun,skr_kommunlista,http://www.svedala.se/,true,
svenljunga.se,kommun,Svenljunga kommun,skr_kommunlista,https://www.svenljunga.se/,true,
saffle.se,kommun,Säffle kommun,skr_kommunlista,http://www.saffle.se/,true,
sater.se,kommun,Säter kommun,skr_kommunlista,http://www.sater.se/,true,
savsjo.se,kommun,Sävsjö kommun,skr_kommunlista,http://www.savsjo.se/,true,
soderhamn.se,kommun,Söderhamn kommun,skr_kommunlista,http://www.soderhamn.se/,true,
soderkoping.se,kommun,Söderköping kommun,skr_kommunlista,http://www.soderkoping.se/,true,
sodertalje.se,kommun,Södertälje kommun,skr_kommunlista,http://www.sodertalje.se/,true,
solvesborg.se,kommun,Sölvesborg kommun,skr_kommunlista,http://www.solvesborg.se/,true,
tanum.se,kommun,Tanum kommun,skr_kommunlista,http://www.tanum.se/,true,
tibro.se,kommun,Tibro kommun,skr_kommunlista,http://www.tibro.se/,true,
tidaholm.se,kommun,Tidaholm kommun,skr_kommunlista,http://www.tidaholm.se/,true,
tierp.se,kommun,Tierp kommun,skr_kommunlista,http://www.tierp.se/,true,
timra.se,kommun,Timrå kommun,skr_kommunlista,http://www.timra.se/,true,
tingsryd.se,kommun,Tingsryd kommun,skr_kommunlista,http://www.tingsryd.se/,true,
tjorn.se,kommun,Tjörn kommun,skr_kommunlista,http://www.tjorn.se/,true,
tomelilla.se,kommun,Tomelilla kommun,skr_kommunlista,http://www.tomelilla.se/,true,
torsby.se,kommun,Torsby kommun,skr_kommunlista,http://www.torsby.se/,true,
torsas.se,kommun,Torsås kommun,skr_kommunlista,https://www.torsas.se/,true,
tranemo.se,kommun,Tranemo kommun,skr_kommunlista,http://www.tranemo.se/,true,
tranas.se,kommun,Tranås kommun,skr_kommunlista,http://www.tranas.se/,true,
trelleborg.se,kommun,Trelleborg kommun,skr_kommunlista,http://www.trelleborg.se/,true,
trollhattan.se,kommun,Trollhättan kommun,skr_kommunlista,http://www.trollhattan.se/,true,
trosa.se,kommun,Trosa kommun,skr_kommunlista,http://www.trosa.se/,true,
tyreso.se,kommun,Tyresö kommun,skr_kommunlista,http://www.tyreso.se/,true,
taby.se,kommun,Täby kommun,skr_kommunlista,http://www.taby.se/,true,
toreboda.se,kommun,Töreboda kommun,skr_kommunlista,http://www.toreboda.se/,true,
uddevalla.se,kommun,Uddevalla kommun,skr_kommunlista,http://www.uddevalla.se/,true,
ulricehamn.se,kommun,Ulricehamn kommun,skr_kommunlista,http://www.ulricehamn.se/,true,
umea.se,kommun,Umeå kommun,skr_kommunlista,http://www.umea.se/,true,
upplandsvasby.se,kommun,Upplands Väsby kommun,skr_kommunlista,http://www.upplandsvasby.se/,true,
upplands-bro.se,kommun,Upplands-Bro kommun,skr_kommunlista,http://www.upplands-bro.se/,true,
uppsala.se,kommun,Uppsala kommun,skr_kommunlista,https://www.uppsala.se/,true,
uppvidinge.se,kommun,Uppvidinge kommun,skr_kommunlista,http://www.uppvidinge.se/,true,
vadstena.se,kommun,Vadstena kommun,skr_kommunlista,http://www.vadstena.se/,true,
vaggeryd.se,kommun,Vaggeryd kommun,skr_kommunlista,http://www.vaggeryd.se/,true,
valdemarsvik.se,kommun,Valdemarsvik kommun,skr_kommunlista,http://www.valdemarsvik.se/,true,
vallentuna.se,kommun,Vallentuna kommun,skr_kommunlista,https://www.vallentuna.se/,true,
vansbro.se,kommun,Vansbro kommun,skr_kommunlista,http://www.vansbro.se/,true,
vara.se,kommun,Vara kommun,skr_kommunlista,http://www.vara.se/,true,
varberg.se,kommun,Varberg kommun,skr_kommunlista,http://www.varberg.se/,true,
vaxholm.se,kommun,Vaxholm kommun,skr_kommunlista,http://www.vaxholm.se/,true,
vellinge.se,kommun,Vellinge kommun,skr_kommunlista,http://www.vellinge.se/,true,
vetlanda.se,kommun,Vetlanda kommun,skr_kommunlista,http://www.vetlanda.se/,true,
vilhelmina.se,kommun,Vilhelmina kommun,skr_kommunlista,http://www.vilhelmina.se/,true,
vimmerby.se,kommun,Vimmerby kommun,skr_kommunlista,http://www.vimmerby.se/,true,
vindeln.se,kommun,Vindeln kommun,skr_kommunlista,http://www.vindeln.se/,true,
vingaker.se,kommun,Vingåker kommun,skr_kommunlista,http://www.vingaker.se/,true,
vanersborg.se,kommun,Vänersborg kommun,skr_kommunlista,http://www.vanersborg.se/,true,
vannas.se,kommun,Vännäs kommun,skr_kommunlista,http://www.vannas.se/,true,
varmdo.se,kommun,Värmdö kommun,skr_kommunlista,http://www.varmdo.se/,true,
varnamo.se,kommun,Värnamo kommun,skr_kommunlista,http://www.varnamo.se/,true,
vastervik.se,kommun,Västervik kommun,skr_kommunlista,http://www.vastervik.se/,true,
vasteras.se,kommun,Västerås kommun,skr_kommunlista,http://www.vasteras.se/,true,
vaxjo.se,kommun,Växjö kommun,skr_kommunlista,http://www.vaxjo.se/,true,
vargarda.se,kommun,Vårgårda kommun,skr_kommunlista,http://www.vargarda.se/,true,
ydre.se,kommun,Ydre kommun,skr_kommunlista,http://www.ydre.se/,true,
ystad.se,kommun,Ystad kommun,skr_kommunlista,http://www.ystad.se/,true,
almhult.se,kommun,Älmhult kommun,skr_kommunlista,http://www.almhult.se/,true,
alvdalen.se,kommun,Älvdalen kommun,skr_kommunlista,http://www.alvdalen.se/,true,
alvkarleby.se,kommun,Älvkarleby kommun,skr_kommunlista,http://www.alvkarleby.se/,true,
alvsbyn.se,kommun,Älvsbyn kommun,skr_kommunlista,http://www.alvsbyn.se/,true,
engelholm.se,kommun,Ängelholm kommun,skr_kommunlista,http://www.engelholm.se/,true,
amal.se,kommun,Åmål kommun,skr_kommunlista,http://www.amal.se/,true,
ange.se,kommun,Ånge kommun,skr_kommunlista,http://www.ange.se/,true,
are.se,kommun,Åre kommun,skr_kommunlista,https://www.are.se/,true,
arjang.se,kommun,Årjäng kommun,skr_kommunlista,http://www.arjang.se/,true,
asele.se,kommun,Åsele kommun,skr_kommunlista,http://www.asele.se/,true,
astorp.se,kommun,Åstorp kommun,skr_kommunlista,http://www.astorp.se/,true,
atvidaberg.se,kommun,Åtvidaberg kommun,skr_kommunlista,http://www.atvidaberg.se/,true,
ockero.se,kommun,Öckerö kommun,skr_kommunlista,http://www.ockero.se/,true,
odeshog.se,kommun,Ödeshög kommun,skr_kommunlista,http://www.odeshog.se/,true,
orebro.se,kommun,Örebro kommun,skr_kommunlista,http://www.orebro.se/,true,
orkelljunga.se,kommun,Örkelljunga kommun,skr_kommunlista,http://www.orkelljunga.se/,true,
ornskoldsvik.se,kommun,Örnsköldsvik kommun,skr_kommunlista,http://www.ornskoldsvik.se/,true,
ostersund.se,kommun,Östersund kommun,skr_kommunlista,http://www.ostersund.se/,true,
osteraker.se,kommun,Österåker kommun,skr_kommunlista,https://www.osteraker.se/,true,
osthammar.se,kommun,Östhammar kommun,skr_kommunlista,http://www.osthammar.se/,true,
ostragoinge.se,kommun,Östra Göinge kommun,skr_kommunlista,http://www.ostragoinge.se/,true,
overkalix.se,kommun,Överkalix kommun,skr_kommunlista,http://www.overkalix.se/,true,
overtornea.se,kommun,Övertorneå kommun,skr_kommunlista,http://www.overtornea.se/,true,
